insert into users values('joseph@gmail.com','12345678','s');
insert into users values('robert@gmail.com','@3457@$#','p');
insert into users values('rose@gmail.com','**34!678','s');
insert into users values('lily_h@gmail.com','45678123','p');
insert into users values('tourist@gmail.com','1745238','s');

insert into startup(name, place, domain, description, email_id, funding, valuation, future_plans, risk) values('tourist','india','tech','software development company','tourist@gmail.com',200000, 55000,'more secured plattforms', 'l');
insert into startup(name, place, domain, description, email_id, funding, valuation, future_plans, risk) values('rose','afghanistan','healthcare','providing high quality products in rural areas','rose@gmail.com',30000, 40000,'well coordinated, user centric and more effective', 'h');
insert into startup(name, place, domain, description, email_id, funding, valuation, future_plans, risk) values('lily','england','fintech','targeting small scale buisness men and help them','lily_h@gmail.com',20500, 6500,'expanding to blockchain and more secured', 'm');
insert into startup(name, place, domain, description, email_id, funding, valuation, future_plans, risk) values('robert','russia','agriculture','production of high quality agriculture products','robert@gmail.com',88000, 78000,'increasing crop yields to feed growing population', 'm');
insert into startup(name, place, domain, description, email_id, funding, valuation, future_plans, risk) values('joseph','saudi arab','gold mines','pure and best quality gold','joseph@gmail.com',45000, 50000,'purest gold and reasonable price', 'm');

insert into people(email_id, name, balance) values('robert@gmail.com','robert','30000');
insert into people(email_id, name, balance) values('tourist@gmail.com','tourist','90000');
insert into people(email_id, name, balance) values('lily_h@gmail.com','lily','20200');
insert into people(email_id, name, balance) values('joseph@gmail.com','joseph','50000');
insert into people(email_id, name, balance) values('rose@gmail.com','rose','25000');
